URL,Filename
https://www.leadonlamoni.com/,homepage.md
https://www.leadonlamoni.com/vnews/display.v/SEC/Business%20Listing,vnews_display.v_SEC_Business%20Listing.md
https://www.leadonlamoni.com/vnews/display.v/SEC/City%20Information,vnews_display.v_SEC_City%20Information.md
https://www.leadonlamoni.com/vnews/display.v/SEC/Departments%20and%20Commissions,vnews_display.v_SEC_Departments%20and%20Commissions.md
https://www.leadonlamoni.com/vnews/display.v/SEC/Departments%20and%20Commissions%7CAirport%20Commission,vnews_display.v_SEC_Departments%20and%20Commissions%7CAirport%20Commission.md
https://www.leadonlamoni.com/vnews/display.v/SEC/Departments%20and%20Commissions%7CCommunity%20Center,vnews_display.v_SEC_Departments%20and%20Commissions%7CCommunity%20Center.md
https://www.leadonlamoni.com/vnews/display.v/SEC/Departments%20and%20Commissions%7CEMS%20Volunteers,vnews_display.v_SEC_Departments%20and%20Commissions%7CEMS%20Volunteers.md
https://www.leadonlamoni.com/vnews/display.v/SEC/Departments%20and%20Commissions%7CLamoni%20Public%20Library,vnews_display.v_SEC_Departments%20and%20Commissions%7CLamoni%20Public%20Library.md
https://www.leadonlamoni.com/vnews/display.v/SEC/Departments%20and%20Commissions%7CParks%20%26%20Recreation,vnews_display.v_SEC_Departments%20and%20Commissions%7CParks%20%26%20Recreation.md
https://www.leadonlamoni.com/vnews/display.v/SEC/Departments%20and%20Commissions%7CPlanning%20%26%20Zoning%20Commission,vnews_display.v_SEC_Departments%20and%20Commissions%7CPlanning%20%26%20Zoning%20Commission.md
https://www.leadonlamoni.com/vnews/display.v/SEC/Departments%20and%20Commissions%7CPolice%20Department,vnews_display.v_SEC_Departments%20and%20Commissions%7CPolice%20Department.md
https://www.leadonlamoni.com/vnews/display.v/SEC/Departments%20and%20Commissions%7CPool%20Commission,vnews_display.v_SEC_Departments%20and%20Commissions%7CPool%20Commission.md
https://www.leadonlamoni.com/vnews/display.v/SEC/Departments%20and%20Commissions%7CPublic%20Works,vnews_display.v_SEC_Departments%20and%20Commissions%7CPublic%20Works.md
https://www.leadonlamoni.com/vnews/display.v/SEC/Departments%20and%20Commissions%7CTrails%20Commission,vnews_display.v_SEC_Departments%20and%20Commissions%7CTrails%20Commission.md
https://www.leadonlamoni.com/vnews/display.v/SEC/Departments%20and%20Commissions%7CVolunteer%20Fire%20Department,vnews_display.v_SEC_Departments%20and%20Commissions%7CVolunteer%20Fire%20Department.md
https://www.leadonlamoni.com/vnews/display.v/ContactUs,vnews_display.v_ContactUs.md
https://www.leadonlamoni.com/vnews/display.v/StaffDirectory,vnews_display.v_StaffDirectory.md
https://www.leadonlamoni.com/vnews/display.v/ARC?submit=search,vnews_display.v_ARC.md
https://www.leadonlamoni.com/vnews/display.v/ART/62b1e7175664b,vnews_display.v_ART_62b1e7175664b.md
https://www.leadonlamoni.com/vnews/display.v/ART/679b85174ca21,vnews_display.v_ART_679b85174ca21.md
https://www.leadonlamoni.com/vnews/display.v/ART/6776e4ba39b69,vnews_display.v_ART_6776e4ba39b69.md
https://www.leadonlamoni.com/vnews/display.v/ART/676ee26f338e1,vnews_display.v_ART_676ee26f338e1.md
https://www.leadonlamoni.com/vnews/display.v/ART/673789b097266,vnews_display.v_ART_673789b097266.md
https://www.leadonlamoni.com/vnews/display.v/ART/6716bde0233b9,vnews_display.v_ART_6716bde0233b9.md
https://www.leadonlamoni.com/vnews/display.v/ART/66f1758b2a878,vnews_display.v_ART_66f1758b2a878.md
https://www.leadonlamoni.com/vnews/display.v/ART/66990d37ab688,vnews_display.v_ART_66990d37ab688.md
https://www.leadonlamoni.com/vnews/display.v/ART/66734df6835cb,vnews_display.v_ART_66734df6835cb.md
https://www.leadonlamoni.com/vnews/display.v/ART/6668a64005eb1,vnews_display.v_ART_6668a64005eb1.md
https://www.leadonlamoni.com/vnews/display.v?page=vlist_signup,vnews_display.v.md
https://www.leadonlamoni.com/vnews/display.v/ART/67d189ea9af70,vnews_display.v_ART_67d189ea9af70.md
https://www.leadonlamoni.com/vnews/display.v/ART/665881a44e536,vnews_display.v_ART_665881a44e536.md
https://www.leadonlamoni.com/vnews/display.v/ART/664f6c8eb8a1d,vnews_display.v_ART_664f6c8eb8a1d.md
https://www.leadonlamoni.com/vnews/display.v/ART/6645fd62ef2e7,vnews_display.v_ART_6645fd62ef2e7.md
https://www.leadonlamoni.com/vnews/display.v/ART/663cdf667f6b8,vnews_display.v_ART_663cdf667f6b8.md
https://www.leadonlamoni.com/vnews/display.v/ART/663ce088559a7,vnews_display.v_ART_663ce088559a7.md
https://www.leadonlamoni.com/vnews/display.v/ART/662a52810420b,vnews_display.v_ART_662a52810420b.md
https://www.leadonlamoni.com/vnews/display.v/ART/66155c197df0f,vnews_display.v_ART_66155c197df0f.md
https://www.leadonlamoni.com/vnews/display.v/ART/660194da00902,vnews_display.v_ART_660194da00902.md
https://www.leadonlamoni.com/vnews/display.v/ART/660197513df2b,vnews_display.v_ART_660197513df2b.md
https://www.leadonlamoni.com/vnews/display.v/ART/660192bec8e85,vnews_display.v_ART_660192bec8e85.md
https://www.leadonlamoni.com/vnews/display.v/ART/65baa4b5c9fed,vnews_display.v_ART_65baa4b5c9fed.md
https://www.leadonlamoni.com/vnews/display.v/ART/65a94f0f2ebce,vnews_display.v_ART_65a94f0f2ebce.md
https://www.leadonlamoni.com/vnews/display.v/ART/659dbbe056137,vnews_display.v_ART_659dbbe056137.md
https://www.leadonlamoni.com/vnews/display.v/ART/658607ec64d26,vnews_display.v_ART_658607ec64d26.md
https://www.leadonlamoni.com/vnews/display.v/ART/6572030e9c83d,vnews_display.v_ART_6572030e9c83d.md
https://www.leadonlamoni.com/vnews/display.v/ART/6536ba451d9c8,vnews_display.v_ART_6536ba451d9c8.md
https://www.leadonlamoni.com/vnews/display.v/ART/6536c86971d9c,vnews_display.v_ART_6536c86971d9c.md
https://www.leadonlamoni.com/vnews/display.v/ART/65158d6291f78,vnews_display.v_ART_65158d6291f78.md
https://www.leadonlamoni.com/vnews/display.v/ART/64f0c20f4a163,vnews_display.v_ART_64f0c20f4a163.md
https://www.leadonlamoni.com/vnews/display.v/ART/64ef5964ecff8,vnews_display.v_ART_64ef5964ecff8.md
https://www.leadonlamoni.com/vnews/display.v/ART/64df6fd269d96,vnews_display.v_ART_64df6fd269d96.md
https://www.leadonlamoni.com/vnews/display.v/ART/64d118397bf09,vnews_display.v_ART_64d118397bf09.md
https://www.leadonlamoni.com/vnews/display.v/ART/64bfcb606fb27,vnews_display.v_ART_64bfcb606fb27.md
https://www.leadonlamoni.com/vnews/display.v/ART/64b067bf1b142,vnews_display.v_ART_64b067bf1b142.md
https://www.leadonlamoni.com/vnews/display.v/ART/6476000a84544,vnews_display.v_ART_6476000a84544.md
https://www.leadonlamoni.com/vnews/display.v/ART/64663f6dd4890,vnews_display.v_ART_64663f6dd4890.md
https://www.leadonlamoni.com/vnews/display.v/ART/645a61a8ab46f,vnews_display.v_ART_645a61a8ab46f.md
https://www.leadonlamoni.com/vnews/display.v/ART/645a60930669d,vnews_display.v_ART_645a60930669d.md
https://www.leadonlamoni.com/vnews/display.v/ART/641ca7958d564,vnews_display.v_ART_641ca7958d564.md
https://www.leadonlamoni.com/vnews/display.v/ART/640f7dd8b3c2a,vnews_display.v_ART_640f7dd8b3c2a.md
https://www.leadonlamoni.com/vnews/display.v/ART/64079d0004cb8,vnews_display.v_ART_64079d0004cb8.md
https://www.leadonlamoni.com/vnews/display.v/ART/63ff831fe09bb,vnews_display.v_ART_63ff831fe09bb.md
https://www.leadonlamoni.com/vnews/display.v/ART/63d18ff2d3ee4,vnews_display.v_ART_63d18ff2d3ee4.md
https://www.leadonlamoni.com/vnews/display.v/ART/6373b0ee4ccd2,vnews_display.v_ART_6373b0ee4ccd2.md
https://www.leadonlamoni.com/vnews/display.v/ART/6373a2032f3e6,vnews_display.v_ART_6373a2032f3e6.md
https://www.leadonlamoni.com/vnews/display.v/ART/6310d52e5cb75,vnews_display.v_ART_6310d52e5cb75.md
https://www.leadonlamoni.com/vnews/display.v/ART/62f11f0651666,vnews_display.v_ART_62f11f0651666.md
https://www.leadonlamoni.com/vnews/display.v/ART/62c70df7e722f,vnews_display.v_ART_62c70df7e722f.md
https://www.leadonlamoni.com/vnews/display.v/ART/62bdb09491043,vnews_display.v_ART_62bdb09491043.md
https://www.leadonlamoni.com/vnews/display.v/ART/62a9e7e25b4cd,vnews_display.v_ART_62a9e7e25b4cd.md
https://www.leadonlamoni.com/vnews/display.v/ART/62a9ffe5a1e64,vnews_display.v_ART_62a9ffe5a1e64.md
https://www.leadonlamoni.com/vnews/display.v/ART/62a2022f0d634,vnews_display.v_ART_62a2022f0d634.md
https://www.leadonlamoni.com/vnews/display.v/ART/64aeb4b8c412e,vnews_display.v_ART_64aeb4b8c412e.md
https://www.leadonlamoni.com/vnews/display.v/ART/62b08454798bc,vnews_display.v_ART_62b08454798bc.md
https://www.leadonlamoni.com/vnews/display.v/ART/62a8e91d41ad5,vnews_display.v_ART_62a8e91d41ad5.md
https://www.leadonlamoni.com/vnews/display.v/ART/62a8e1beb9cec,vnews_display.v_ART_62a8e1beb9cec.md
https://www.leadonlamoni.com/vnews/display.v/ART/62a8b6b988a1b,vnews_display.v_ART_62a8b6b988a1b.md
https://www.leadonlamoni.com/vnews/display.v/ART/62a8e2a0e8616,vnews_display.v_ART_62a8e2a0e8616.md
https://www.leadonlamoni.com/vnews/display.v/ART/62a8bcb11b2c1,vnews_display.v_ART_62a8bcb11b2c1.md
https://www.leadonlamoni.com/vnews/display.v/ART/62a8e53913853,vnews_display.v_ART_62a8e53913853.md
https://www.leadonlamoni.com/vnews/display.v/ART/62a8b99e0133d,vnews_display.v_ART_62a8b99e0133d.md
https://www.leadonlamoni.com/vnews/display.v/ART/62a8dedee3013,vnews_display.v_ART_62a8dedee3013.md
https://www.leadonlamoni.com/vnews/display.v/ART/62a8dcba2162b,vnews_display.v_ART_62a8dcba2162b.md
https://www.leadonlamoni.com/vnews/display.v/ART/62a8e6f696268,vnews_display.v_ART_62a8e6f696268.md
https://www.leadonlamoni.com/vnews/display.v/ART/62a8b163f2f7f,vnews_display.v_ART_62a8b163f2f7f.md
https://www.leadonlamoni.com/vnews/email-friend.v?TARGET=staff&cuid=ot-181488a35c4,vnews_email-friend.v.md
https://www.leadonlamoni.com/vnews/email-friend.v?TARGET=staff&sdid=tbrunner-18148e73803,vnews_email-friend.v.md
https://www.leadonlamoni.com/vnews/email-friend.v?TARGET=staff&sdid=delefson-18148e8930a,vnews_email-friend.v.md
https://www.leadonlamoni.com/vnews/email-friend.v?TARGET=staff&sdid=dfoster-18148e4cbb6,vnews_email-friend.v.md
https://www.leadonlamoni.com/vnews/email-friend.v?TARGET=staff&sdid=jmullock-18148e91f28,vnews_email-friend.v.md
https://www.leadonlamoni.com/vnews/email-friend.v?TARGET=staff&sdid=tshaw-18148e21701,vnews_email-friend.v.md
https://www.leadonlamoni.com/vnews/email-friend.v?TARGET=staff&sdid=cshields-18148e59ad1,vnews_email-friend.v.md
https://www.leadonlamoni.com/vnews/email-friend.v?TARGET=staff&sdid=bstuck-18148e41ba6,vnews_email-friend.v.md
https://www.leadonlamoni.com/vnews/email-friend.v?TARGET=staff&sdid=fwilliams-18148e7e783,vnews_email-friend.v.md
https://www.leadonlamoni.com/vnews/email-friend.v?TARGET=staff&sdid=swillis-18148e65e6d,vnews_email-friend.v.md
https://www.leadonlamoni.com/vnews/display.v?TARGET=profile&id=bstuck,vnews_display.v.md
https://www.leadonlamoni.com/vnews/display.v/ART/67d189ea9af70,1_Screenshot%202025-03-12%20081914.pdf
